modelo,mae,rmse
Mean,0.4566666666666667,0.6273840956078935
Naive,0.6183333333333334,0.7843362374220213
